Item Title,Publication Title,Book Series Title,Journal Volume,Journal Issue,Item DOI,Authors,Publication Year,URL,Content Type
Logical Data Model for&#xa0;Key-Value Databases?,Proceedings of Tenth International Congress on Information and Communication Technology,,,,10.1007/978-981-96-6932-5_25,Aniko Vagner,2025,https://link.springer.com/chapter/10.1007/978-981-96-6932-5_25,Conference paper
Dynamic Resource Manager for&#xa0;Automating Deployments in&#xa0;the&#xa0;Computing Continuum,Euro-Par 2024: Parallel Processing Workshops,,,,10.1007/978-3-031-90200-0_23,Zahra Najafabadi SamaniMatthias GaThomas FahringerJuan Aznar PovedaStefan Pedratscher,2025,https://link.springer.com/chapter/10.1007/978-3-031-90200-0_23,Conference paper
Caching at Scale: Efficiency and Fairness Analysis in Multi-tenant RAG Systems,SN Computer Science,,,,10.1007/s42979-025-04467-3,Hardik RuparelTatsat Patel,2025,https://link.springer.com/article/10.1007/s42979-025-04467-3,Article
"Memory orchestration mechanisms in serverless computing: a taxonomy, review and future directions",Cluster Computing,,,,10.1007/s10586-023-04251-z,Zahra Shojaee radMostafa Ghobaei-AraniReza Ahsan,2024,https://link.springer.com/article/10.1007/s10586-023-04251-z,Article
Managing and Securing AVD Solution,Design and Deploy Microsoft Azure Virtual Desktop,,,,10.1007/978-1-4842-7796-6_5,Puthiyavan Udayakumar,2022,https://link.springer.com/chapter/10.1007/978-1-4842-7796-6_5,Chapter
"An optimized approach with 128-bit key management for IoT-enabled smart grid: enhancing efficiency, security, and sustainability",Electrical Engineering,,,,10.1007/s00202-024-02636-w,R. R. RamyaJ. Banumathi,2024,https://link.springer.com/article/10.1007/s00202-024-02636-w,Article
Achieving Resilience and Event Processing Reliability in Event-Driven Microservices,Practical Event-Driven Microservices Architecture,,,,10.1007/978-1-4842-7468-2_7,Hugo Filipe Oliveira Rocha,2022,https://link.springer.com/chapter/10.1007/978-1-4842-7468-2_7,Chapter
Auto-scaling techniques for IoT-based cloud applications: a review,Cluster Computing,,,,10.1007/s10586-021-03265-9,Shveta VermaAnju Bala,2021,https://link.springer.com/article/10.1007/s10586-021-03265-9,Article
Measuring Clock Reliability in Cloud Virtual Machines,Real-Time Intelligence for Heterogeneous Networks,,,,10.1007/978-3-030-75614-7_6,Aarush AhujaVanita JainDharmender Saini,2021,https://link.springer.com/chapter/10.1007/978-3-030-75614-7_6,Chapter
Hierarchical data replication strategy to improve performance in cloud computing,Frontiers of Computer Science,,,,10.1007/s11704-019-9099-8,Najme MansouriMohammad Masoud JavidiBehnam Mohammad Hasani Zade,2020,https://link.springer.com/article/10.1007/s11704-019-9099-8,Article
An intelligent memory caching architecture for data-intensive multimedia applications,Multimedia Tools and Applications,,,,10.1007/s11042-020-08805-w,Aaqif Afzaal AbbasiSameen JavedShahaboddin Shamshirband,2020,https://link.springer.com/article/10.1007/s11042-020-08805-w,Article
Using data mining techniques to improve replica management in cloud environment,Soft Computing,,,,10.1007/s00500-019-04357-w,N. MansouriM. M. JavidiB. Mohammad Hasani Zade,2019,https://link.springer.com/article/10.1007/s00500-019-04357-w,Article
SCOPE: self-adaptive and policy-based data management middleware for federated clouds,Journal of Internet Services and Applications,,,,10.1186/s13174-018-0101-8,Ansar RafiqueDimitri Van LanduytEddy TruyenVincent ReniersWouter Joosen,2019,https://link.springer.com/article/10.1186/s13174-018-0101-8,Article
Principles governing the integration of landmark and self-motion cues in entorhinal cortical codes for navigation,Nature Neuroscience,,,,10.1038/s41593-018-0189-y,Malcolm G. CampbellSamuel A. OckoCaitlin S. MalloryIsabel I. C. LowSurya GanguliLisa M. Giocomo,2018,https://link.springer.com/article/10.1038/s41593-018-0189-y,Article
Ensuring performance and provider profit through data replication in cloud systems,Cluster Computing,,,,10.1007/s10586-017-1507-y,Uras TosRiad MokademAbdelkader HameurlainTolga AyavSebnem Bora,2017,https://link.springer.com/article/10.1007/s10586-017-1507-y,Article
Interviews and Case Studies,Achieving DevOps,,,,10.1007/978-1-4842-4388-6_9,Dave HarrisonKnox Lively,2019,https://link.springer.com/chapter/10.1007/978-1-4842-4388-6_9,Chapter
Cost-aware horizontal scaling of NoSQL databases using probabilistic model checking,Cluster Computing,,,,10.1007/s10586-017-0816-5,Athanasios NaskosAnastasios GounarisPanagiotis Katsaros,2017,https://link.springer.com/article/10.1007/s10586-017-0816-5,Article
Cloud Elasticity: A Survey,Algorithmic Aspects of Cloud Computing,,,,10.1007/978-3-319-29919-8_12,Athanasios NaskosAnastasios GounarisSpyros Sioutas,2016,https://link.springer.com/chapter/10.1007/978-3-319-29919-8_12,Conference paper
Related Work,Multi Tenancy for Cloud-Based In-Memory Column Databases,,,,10.1007/978-3-319-00497-6_7,Jan Schaffner,2014,https://link.springer.com/chapter/10.1007/978-3-319-00497-6_7,Chapter
Quality of experience in distributed databases,Distributed and Parallel Databases,,,,10.1007/s10619-011-7083-x,Rogério Luís de Carvalho CostaPedro Furtado,2011,https://link.springer.com/article/10.1007/s10619-011-7083-x,Article
Energetic Path Finding across Massive Terrain Data,Advances in Visual Computing,,,,10.1007/978-3-642-10520-3_84,Andrew TsuiZoë Wood,2009,https://link.springer.com/chapter/10.1007/978-3-642-10520-3_84,Conference paper
QoS-Oriented Reputation-Aware Query Scheduling in Data Grids,Euro-Par 2008 – Parallel Processing,,,,10.1007/978-3-540-85451-7_53,Rogério Luís de Carvalho CostaPedro Furtado,2008,https://link.springer.com/chapter/10.1007/978-3-540-85451-7_53,Conference paper
Die aktuellen Regelungen auf internationaler Ebene,Haftung und Entschädigung nach Tankerunfällen auf See,,,,10.1007/978-3-540-47215-5_2,,2007,https://link.springer.com/chapter/10.1007/978-3-540-47215-5_2,Chapter
DECO: Data Replication and Execution CO-scheduling for Utility Grids,Service-Oriented Computing – ICSOC 2006,,,,10.1007/11948148_5,Vikas AgarwalGargi DasguptaKoustuv DasguptaAmit PurohitBalaji Viswanathan,2006,https://link.springer.com/chapter/10.1007/11948148_5,Conference paper
Poster Session III,Neuropsychopharmacology,,,,10.1038/sj.npp.1300648,,2004,https://link.springer.com/article/10.1038/sj.npp.1300648,Article
What if model checking must be truly symbolic,Correct Hardware Design and Verification Methods,,,,10.1007/3-540-60385-9_1,Hardi HungarOrna GrumbergWerner Damm,1995,https://link.springer.com/chapter/10.1007/3-540-60385-9_1,Conference paper
G,Springer Umweltlexikon,,,,10.1007/978-3-642-97335-2_7,Müfit BahadirHarun ParlarMichael Spiteller,1995,https://link.springer.com/chapter/10.1007/978-3-642-97335-2_7,Chapter
Gefahrgut- und Unfall-Informations-Systeme,Gefährliche Güter,,,,10.1007/978-3-662-07396-4_13,Heinz Dorias,1984,https://link.springer.com/chapter/10.1007/978-3-662-07396-4_13,Chapter